{"cameraMode":{"drawMode":0,"name":"Shaded","section":"Shading Mode"},"sceneLighting":false,"audioPlay":false,"sceneViewState":{"m_AlwaysRefresh":false,"showFog":true,"showSkybox":false,"showFlares":true,"showImageEffects":true,"showParticleSystems":true,"showVisualEffectGraphs":true,"m_FxEnabled":true},"in2DMode":false,"pivot":{"x":-0.22759580612182618,"y":-1.2644472122192383,"z":14.68129825592041},"rotation":{"x":-0.13991031050682069,"y":0.8294069766998291,"z":-0.23922689259052277,"w":-0.4850708842277527},"size":19.999591827392579,"orthographic":false}