{"cameraMode":{"drawMode":0,"name":"Shaded","section":"Shading Mode"},"sceneLighting":false,"audioPlay":false,"sceneViewState":{"m_AlwaysRefresh":false,"showFog":true,"showSkybox":false,"showFlares":true,"showImageEffects":true,"showParticleSystems":true,"showVisualEffectGraphs":true,"m_FxEnabled":true},"in2DMode":false,"pivot":{"x":0.01332712173461914,"y":2.1500000953674318,"z":-0.16612327098846436},"rotation":{"x":-0.08526988327503205,"y":0.9051437377929688,"z":-0.21720059216022492,"w":-0.3553469479084015},"size":3.5775930881500246,"orthographic":false}