{"cameraMode":{"drawMode":0,"name":"Shaded","section":"Shading Mode"},"sceneLighting":false,"audioPlay":false,"sceneViewState":{"m_AlwaysRefresh":false,"showFog":true,"showSkybox":false,"showFlares":true,"showImageEffects":true,"showParticleSystems":true,"showVisualEffectGraphs":true,"m_FxEnabled":true},"in2DMode":false,"pivot":{"x":0.3539085388183594,"y":6.809999465942383,"z":47.720001220703128},"rotation":{"x":-0.3181234896183014,"y":-0.0882861316204071,"z":0.029764674603939058,"w":-0.9434813857078552},"size":18.272727966308595,"orthographic":false}